name,num_cross,alt,volume,det,alex,genus3,fibered,slice,ribbon,top_slice,tau,nu,epsilon,s_0,s_2,s_3,HKL_ribbon_obs,PD_codes
K13n3871,13,0,16.79964917069185,1,1,4,0,0,0,1,0,0,0,0,0,0,,"[[6,2,7,1],[2,15,3,16],[8,3,9,4],[4,9,5,10],[14,5,15,6],[16,8,17,7],[23,10,24,11],[11,19,12,18],[19,13,20,12],[13,24,14,25],[17,23,18,22],[25,21,26,20],[21,1,22,26]]"
K13n3872,13,0,16.79964917069185,1,1,4,0,0,0,1,0,0,0,0,0,0,,"[[6,2,7,1],[2,15,3,16],[8,3,9,4],[4,9,5,10],[14,5,15,6],[16,8,17,7],[19,10,20,11],[11,25,12,24],[25,13,26,12],[13,20,14,21],[17,23,18,22],[23,19,24,18],[21,1,22,26]]"
K13n3897,13,0,16.79964917069185,1,1,4,0,0,0,1,0,0,0,0,0,0,,"[[6,2,7,1],[2,16,3,15],[8,3,9,4],[4,9,5,10],[16,6,17,5],[14,7,15,8],[23,10,24,11],[11,18,12,19],[19,12,20,13],[13,22,14,23],[17,25,18,24],[25,21,26,20],[21,1,22,26]]"
K13n3936,13,0,16.79964917069185,1,1,3,0,0,0,1,0,0,0,0,0,0,,"[[6,2,7,1],[2,21,3,22],[8,3,9,4],[4,9,5,10],[20,5,21,6],[22,8,23,7],[15,11,16,10],[11,25,12,24],[25,13,26,12],[13,19,14,18],[19,15,20,14],[23,16,24,17],[17,26,18,1]]"
K13n4582,13,0,15.575456452120118,1,1,3,0,0,0,1,0,0,0,0,0,0,,"[[6,2,7,1],[2,11,3,12],[10,3,11,4],[21,4,22,5],[5,22,6,23],[12,8,13,7],[17,9,18,8],[9,17,10,16],[26,14,1,13],[14,24,15,23],[20,16,21,15],[18,25,19,26],[24,19,25,20]]"
K13n65,13,0,16.934496920522793,1,1,3,0,0,0,1,0,0,0,0,0,0,,"[[4,2,5,1],[2,9,3,10],[8,3,9,4],[10,6,11,5],[6,15,7,16],[14,7,15,8],[11,21,12,20],[25,13,26,12],[13,18,14,19],[23,17,24,16],[17,23,18,22],[19,1,20,26],[21,24,22,25]]"
K14n10011,14,0,20.01337908219946,1,1,4,0,0,0,1,0,0,0,0,0,0,,"[[4,2,5,1],[2,11,3,12],[10,3,11,4],[16,5,17,6],[6,17,7,18],[12,8,13,7],[8,20,9,19],[20,10,21,9],[18,13,19,14],[25,14,26,15],[15,24,16,25],[21,27,22,26],[27,23,28,22],[23,1,24,28]]"
K14n11063,14,0,19.197447971713284,1,1,4,0,0,0,1,0,0,0,0,0,0,,"[[4,2,5,1],[2,11,3,12],[10,3,11,4],[16,5,17,6],[23,6,24,7],[7,20,8,21],[25,9,26,8],[14,10,15,9],[12,18,13,17],[18,14,19,13],[28,15,1,16],[19,25,20,24],[21,26,22,27],[27,22,28,23]]"
K14n18909,14,0,19.197447971713284,1,1,3,0,0,0,1,0,0,0,0,0,0,,"[[4,2,5,1],[2,17,3,18],[16,3,17,4],[10,5,11,6],[6,11,7,12],[18,8,19,7],[8,16,9,15],[28,9,1,10],[25,13,26,12],[13,20,14,21],[23,14,24,15],[19,24,20,25],[21,27,22,26],[27,23,28,22]]"
K14n18911,14,0,19.197447971713284,1,1,4,0,0,0,1,0,0,0,0,0,0,,"[[4,2,5,1],[2,17,3,18],[16,3,17,4],[10,5,11,6],[6,11,7,12],[18,8,19,7],[8,16,9,15],[28,9,1,10],[23,12,24,13],[13,26,14,27],[21,15,22,14],[19,25,20,24],[25,21,26,20],[27,22,28,23]]"
K14n21673,14,0,18.994892262425047,1,1,3,0,0,0,1,0,0,0,0,0,0,,"[[6,2,7,1],[2,19,3,20],[10,3,11,4],[4,18,5,17],[12,6,13,5],[7,26,8,27],[21,9,22,8],[9,25,10,24],[18,11,19,12],[13,1,14,28],[27,15,28,14],[15,22,16,23],[23,16,24,17],[25,21,26,20]]"
K14n3713,14,0,18.210354215521622,9,t^4-2*t^3+3*t^2-2*t+1,4,0,0,0,0,0,0,0,0,0,0,,"[[4,2,5,1],[2,8,3,7],[8,4,9,3],[5,15,6,14],[15,7,16,6],[20,9,21,10],[10,23,11,24],[24,11,25,12],[17,12,18,13],[13,18,14,19],[19,16,20,17],[26,22,27,21],[22,28,23,27],[28,26,1,25]]"
K14n4425,14,0,20.0722569550016,1,1,4,0,0,0,1,0,0,0,0,0,0,,"[[4,2,5,1],[2,8,3,7],[8,4,9,3],[14,5,15,6],[6,15,7,16],[9,27,10,26],[21,11,22,10],[11,19,12,18],[23,12,24,13],[13,24,14,25],[25,16,26,17],[17,22,18,23],[19,28,20,1],[27,20,28,21]]"
K14n4621,14,0,18.251164891286884,9,t^4-2*t^3+3*t^2-2*t+1,3,0,0,0,0,0,0,0,0,0,0,,"[[4,2,5,1],[2,9,3,10],[8,3,9,4],[14,5,15,6],[6,15,7,16],[10,8,11,7],[11,25,12,24],[17,12,18,13],[13,22,14,23],[23,16,24,17],[27,19,28,18],[19,27,20,26],[25,21,26,20],[21,1,22,28]]"
K14n5486,14,0,17.675829254944805,1,1,3,0,0,0,1,0,0,0,0,0,0,,"[[4,2,5,1],[2,8,3,7],[8,4,9,3],[16,6,17,5],[6,16,7,15],[9,24,10,25],[23,10,24,11],[11,22,12,23],[19,12,20,13],[13,18,14,19],[25,14,26,15],[17,26,18,27],[20,28,21,27],[28,22,1,21]]"
K14n9023,14,0,19.197447971713284,1,1,4,0,0,0,1,0,0,0,0,0,0,,"[[4,2,5,1],[2,11,3,12],[10,3,11,4],[14,6,15,5],[25,7,26,6],[7,20,8,21],[23,8,24,9],[16,9,17,10],[12,17,13,18],[18,13,19,14],[28,16,1,15],[19,24,20,25],[21,27,22,26],[27,23,28,22]]"
K15n103703,15,0,17.53053740777909,1,1,3,0,0,0,1,0,0,0,0,0,0,,"[[4,2,5,1],[2,15,3,16],[14,3,15,4],[5,21,6,20],[25,7,26,6],[7,27,8,26],[19,9,20,8],[30,10,1,9],[10,30,11,29],[28,12,29,11],[23,12,24,13],[13,22,14,23],[21,16,22,17],[17,24,18,25],[27,18,28,19]]"
K15n110439,15,0,18.804133925257,1,1,3,0,0,0,1,0,0,0,0,0,0,,"[[4,2,5,1],[2,17,3,18],[16,3,17,4],[5,13,6,12],[11,7,12,6],[7,22,8,23],[29,9,30,8],[9,21,10,20],[27,10,28,11],[13,18,14,19],[14,25,15,26],[24,15,25,16],[19,26,20,27],[21,29,22,28],[30,24,1,23]]"
K15n11287,15,0,22.40375195111012,1,1,4,0,0,0,1,0,0,0,0,0,0,,"[[4,2,5,1],[2,9,3,10],[8,3,9,4],[12,6,13,5],[6,19,7,20],[16,7,17,8],[10,17,11,18],[18,11,19,12],[13,25,14,24],[29,15,30,14],[15,22,16,23],[27,21,28,20],[21,27,22,26],[23,1,24,30],[25,28,26,29]]"
K15n115646,15,0,-1.0,9,2*t^2-5*t+2,1,0,-1,-1,0,0,0,0,2,2,2,,"[[4,2,5,1],[2,18,3,17],[18,4,19,3],[10,6,11,5],[6,14,7,13],[7,22,8,23],[21,8,22,9],[14,10,15,9],[11,30,12,1],[29,12,30,13],[15,26,16,27],[25,16,26,17],[24,20,25,19],[20,28,21,27],[28,24,29,23]]"
K15n11568,15,0,22.40375195111012,1,1,3,0,0,0,1,0,0,0,0,0,0,,"[[4,2,5,1],[2,9,3,10],[8,3,9,4],[12,6,13,5],[6,27,7,28],[24,7,25,8],[10,25,11,26],[26,11,27,12],[13,16,14,17],[21,15,22,14],[15,21,16,20],[17,30,18,1],[23,19,24,18],[19,29,20,28],[29,23,30,22]]"
K15n11570,15,0,22.40375195111012,1,1,4,0,0,0,1,0,0,0,0,0,0,,"[[4,2,5,1],[2,9,3,10],[8,3,9,4],[12,6,13,5],[6,27,7,28],[24,7,25,8],[10,25,11,26],[26,11,27,12],[13,19,14,18],[29,15,30,14],[15,23,16,22],[21,17,22,16],[17,1,18,30],[19,28,20,29],[23,20,24,21]]"
K15n117232,15,0,21.452472277651736,1,1,4,0,0,0,1,0,0,0,0,0,0,,"[[4,2,5,1],[2,18,3,17],[18,4,19,3],[5,15,6,14],[13,7,14,6],[7,30,8,1],[19,8,20,9],[9,24,10,25],[27,10,28,11],[11,23,12,22],[21,13,22,12],[26,16,27,15],[16,26,17,25],[29,20,30,21],[23,28,24,29]]"
K15n120055,15,0,20.322663016604395,1,1,5,0,0,0,1,0,0,0,0,0,0,,"[[6,2,7,1],[2,8,3,7],[8,4,9,3],[4,15,5,16],[14,5,15,6],[9,25,10,24],[17,11,18,10],[11,19,12,18],[29,13,30,12],[13,22,14,23],[25,16,26,17],[19,26,20,27],[27,20,28,21],[21,28,22,29],[23,1,24,30]]"
K15n121598,15,0,21.11236720854644,1,1,4,0,0,0,1,0,0,0,0,0,0,,"[[6,2,7,1],[2,8,3,7],[8,4,9,3],[4,17,5,18],[16,5,17,6],[9,27,10,26],[19,11,20,10],[11,28,12,29],[23,12,24,13],[13,22,14,23],[21,14,22,15],[15,24,16,25],[27,18,28,19],[29,21,30,20],[25,1,26,30]]"
K15n121834,15,0,20.29857064745505,1,1,4,0,0,0,1,0,0,0,0,0,0,,"[[6,2,7,1],[2,17,3,18],[8,3,9,4],[4,9,5,10],[16,5,17,6],[18,8,19,7],[27,10,28,11],[11,21,12,20],[23,13,24,12],[13,23,14,22],[21,15,22,14],[15,28,16,29],[19,27,20,26],[29,25,30,24],[25,1,26,30]]"
K15n121916,15,0,20.29857064745505,1,1,4,0,0,0,1,0,0,0,0,0,0,,"[[6,2,7,1],[2,17,3,18],[8,3,9,4],[4,9,5,10],[16,5,17,6],[18,8,19,7],[21,10,22,11],[11,27,12,26],[29,13,30,12],[13,29,14,28],[27,15,28,14],[15,22,16,23],[19,25,20,24],[25,21,26,20],[23,1,24,30]]"
K15n122603,15,0,20.29857064745505,1,1,4,0,0,0,1,0,0,0,0,0,0,,"[[6,2,7,1],[2,18,3,17],[8,3,9,4],[4,9,5,10],[18,6,19,5],[16,7,17,8],[27,10,28,11],[11,20,12,21],[23,12,24,13],[13,22,14,23],[21,14,22,15],[15,26,16,27],[19,29,20,28],[29,25,30,24],[25,1,26,30]]"
K15n123414,15,0,20.29857064745505,1,1,3,0,0,0,1,0,0,0,0,0,0,,"[[6,2,7,1],[2,23,3,24],[8,3,9,4],[4,9,5,10],[22,5,23,6],[24,8,25,7],[17,11,18,10],[11,27,12,26],[29,13,30,12],[13,29,14,28],[27,15,28,14],[15,21,16,20],[21,17,22,16],[25,18,26,19],[19,30,20,1]]"
K15n124496,15,0,19.571313040366807,1,1,3,0,0,0,1,0,0,0,0,0,0,,"[[6,2,7,1],[2,12,3,11],[10,4,11,3],[4,10,5,9],[12,6,13,5],[16,7,17,8],[8,17,9,18],[13,23,14,22],[29,14,30,15],[15,24,16,25],[27,18,28,19],[19,26,20,27],[25,20,26,21],[21,28,22,29],[23,1,24,30]]"
K15n124640,15,0,23.09449958623218,1,1,4,0,0,0,1,0,0,0,0,0,0,,"[[6,2,7,1],[2,25,3,26],[10,3,11,4],[4,24,5,23],[12,6,13,5],[7,17,8,16],[27,9,28,8],[9,18,10,19],[24,11,25,12],[22,14,23,13],[29,14,30,15],[15,21,16,20],[17,26,18,27],[19,29,20,28],[21,30,22,1]]"
K15n130504,15,0,19.364796300580583,1,1,5,0,0,0,1,0,0,0,0,0,0,,"[[6,2,7,1],[2,8,3,7],[10,4,11,3],[4,19,5,20],[16,5,17,6],[8,17,9,18],[18,9,19,10],[11,25,12,24],[27,13,28,12],[13,29,14,28],[29,15,30,14],[15,22,16,23],[25,20,26,21],[21,26,22,27],[23,1,24,30]]"
K15n132965,15,0,22.49753262982377,1,1,4,0,0,0,1,0,0,0,0,0,0,,"[[6,2,7,1],[2,19,3,20],[10,3,11,4],[13,5,14,4],[5,17,6,16],[26,7,27,8],[8,21,9,22],[28,10,29,9],[11,19,12,18],[17,13,18,12],[23,14,24,15],[15,24,16,25],[20,28,21,27],[22,29,23,30],[30,25,1,26]]"
K15n137921,15,0,22.69471392112449,9,t^4-2*t^3+3*t^2-2*t+1,3,0,0,0,0,0,0,0,0,0,0,,"[[6,2,7,1],[2,21,3,22],[10,4,11,3],[4,10,5,9],[20,5,21,6],[30,8,1,7],[8,19,9,20],[11,17,12,16],[27,13,28,12],[13,29,14,28],[23,14,24,15],[15,22,16,23],[17,26,18,27],[25,18,26,19],[29,25,30,24]]"
K15n138033,15,0,19.364796300580583,1,1,4,0,0,0,1,0,0,0,0,0,0,,"[[6,2,7,1],[2,8,3,7],[10,4,11,3],[4,25,5,26],[22,5,23,6],[8,23,9,24],[24,9,25,10],[11,16,12,17],[17,12,18,13],[13,30,14,1],[21,15,22,14],[15,27,16,26],[27,19,28,18],[19,29,20,28],[29,21,30,20]]"
K15n138051,15,0,19.364796300580583,1,1,5,0,0,0,1,0,0,0,0,0,0,,"[[6,2,7,1],[2,8,3,7],[10,4,11,3],[4,25,5,26],[22,5,23,6],[8,23,9,24],[24,9,25,10],[11,19,12,18],[27,13,28,12],[13,29,14,28],[29,15,30,14],[15,20,16,21],[21,16,22,17],[17,1,18,30],[19,26,20,27]]"
K15n140327,15,0,19.13038427565412,1,1,3,0,0,0,1,0,0,0,0,0,0,,"[[6,2,7,1],[2,11,3,12],[10,3,11,4],[25,5,26,4],[5,25,6,24],[12,8,13,7],[17,8,18,9],[9,18,10,19],[13,30,14,1],[29,14,30,15],[15,22,16,23],[21,16,22,17],[26,20,27,19],[20,28,21,27],[23,28,24,29]]"
K15n140449,15,0,19.97699114222964,1,1,3,0,0,0,1,0,0,0,0,0,0,,"[[6,2,7,1],[2,11,3,12],[10,3,11,4],[23,4,24,5],[5,24,6,25],[12,8,13,7],[19,9,20,8],[9,19,10,18],[30,14,1,13],[14,30,15,29],[28,16,29,15],[16,26,17,25],[22,18,23,17],[20,27,21,28],[26,21,27,22]]"
K15n144034,15,0,19.364796300580583,1,1,5,0,0,0,1,0,0,0,0,0,0,,"[[6,2,7,1],[2,21,3,22],[10,3,11,4],[4,26,5,25],[30,6,1,5],[22,8,23,7],[8,24,9,23],[24,10,25,9],[11,16,12,17],[17,12,18,13],[13,27,14,26],[29,15,30,14],[15,20,16,21],[27,18,28,19],[19,28,20,29]]"
K15n146982,15,0,23.08044202641681,1,1,4,0,0,0,1,0,0,0,0,0,0,,"[[6,2,7,1],[23,3,24,2],[3,13,4,12],[21,4,22,5],[5,14,6,15],[30,8,1,7],[8,16,9,15],[28,9,29,10],[10,25,11,26],[18,12,19,11],[13,23,14,22],[16,30,17,29],[24,18,25,17],[26,19,27,20],[20,27,21,28]]"
K15n154389,15,0,18.80877989014928,1,1,4,0,0,0,1,0,0,0,0,0,0,,"[[6,2,7,1],[2,22,3,21],[3,12,4,13],[11,4,12,5],[22,6,23,5],[7,27,8,26],[29,9,30,8],[9,14,10,15],[17,10,18,11],[13,18,14,19],[24,16,25,15],[16,24,17,23],[28,19,29,20],[20,27,21,28],[25,1,26,30]]"
K15n155464,15,0,22.86638122980716,1,1,4,0,0,0,1,0,0,0,0,0,0,,"[[6,2,7,1],[2,24,3,23],[3,12,4,13],[11,4,12,5],[24,6,25,5],[26,7,27,8],[8,29,9,30],[9,21,10,20],[19,11,20,10],[13,19,14,18],[21,15,22,14],[28,15,29,16],[16,27,17,28],[17,23,18,22],[30,25,1,26]]"
K15n157903,15,0,23.299169870484462,9,t^4-2*t^3+3*t^2-2*t+1,3,0,0,0,0,0,0,0,0,0,0,,"[[6,2,7,1],[2,14,3,13],[14,4,15,3],[4,18,5,17],[18,6,19,5],[7,24,8,25],[25,8,26,9],[9,21,10,20],[21,11,22,10],[11,26,12,27],[23,12,24,13],[28,15,29,16],[16,29,17,30],[30,19,1,20],[27,23,28,22]]"
K15n16056,15,0,20.04102237907366,1,1,3,0,0,0,1,0,0,0,0,0,0,,"[[4,2,5,1],[2,8,3,7],[8,4,9,3],[14,6,15,5],[6,14,7,13],[20,9,21,10],[10,19,11,20],[18,11,19,12],[12,17,13,18],[15,24,16,25],[23,16,24,17],[21,29,22,28],[27,23,28,22],[25,30,26,1],[29,26,30,27]]"
K15n17501,15,0,23.026180758086028,1,1,4,0,0,0,1,0,0,0,0,0,0,,"[[4,2,5,1],[2,8,3,7],[8,4,9,3],[14,5,15,6],[6,15,7,16],[9,20,10,21],[19,10,20,11],[11,1,12,30],[23,12,24,13],[13,24,14,25],[27,17,28,16],[17,27,18,26],[21,19,22,18],[29,22,30,23],[25,28,26,29]]"
K15n21905,15,0,22.40375195111012,1,1,4,0,0,0,1,0,0,0,0,0,0,,"[[4,2,5,1],[2,9,3,10],[8,3,9,4],[14,6,15,5],[6,29,7,30],[16,7,17,8],[23,11,24,10],[11,18,12,19],[19,12,20,13],[13,25,14,24],[30,16,1,15],[17,22,18,23],[27,21,28,20],[21,27,22,26],[25,28,26,29]]"
K15n27582,15,0,19.76606422495992,1,1,4,0,0,0,1,0,0,0,0,0,0,,"[[4,2,5,1],[2,8,3,7],[8,4,9,3],[16,6,17,5],[6,16,7,15],[9,26,10,27],[25,10,26,11],[20,11,21,12],[12,23,13,24],[13,18,14,19],[27,14,28,15],[17,28,18,29],[24,19,25,20],[21,1,22,30],[29,23,30,22]]"
K15n2810,15,0,19.46133681680012,1,1,3,0,0,0,1,0,0,0,0,0,0,,"[[4,2,5,1],[2,9,3,10],[8,3,9,4],[10,6,11,5],[6,17,7,18],[16,7,17,8],[11,23,12,22],[29,13,30,12],[13,29,14,28],[27,15,28,14],[15,20,16,21],[25,19,26,18],[19,25,20,24],[21,1,22,30],[23,26,24,27]]"
K15n33471,15,0,19.414470004474666,9,t^4-2*t^3+3*t^2-2*t+1,4,0,0,0,0,0,0,0,0,0,0,,"[[4,2,5,1],[2,8,3,7],[8,4,9,3],[5,20,6,21],[19,6,20,7],[9,15,10,14],[17,11,18,10],[28,11,29,12],[12,27,13,28],[13,19,14,18],[15,25,16,24],[23,17,24,16],[26,21,27,22],[22,29,23,30],[30,25,1,26]]"
K15n40402,15,0,18.836536379068225,1,1,5,0,0,0,1,0,0,0,0,0,0,,"[[4,2,5,1],[2,10,3,9],[10,4,11,3],[14,5,15,6],[6,15,7,16],[16,7,17,8],[8,17,9,18],[11,21,12,20],[27,12,28,13],[13,24,14,25],[25,18,26,19],[19,26,20,27],[21,29,22,28],[29,23,30,22],[23,1,24,30]]"
K15n4646,15,0,23.097665248389347,1,1,4,0,0,0,1,0,0,0,0,0,0,,"[[4,2,5,1],[2,9,3,10],[8,3,9,4],[10,6,11,5],[6,18,7,17],[18,8,19,7],[11,28,12,29],[21,13,22,12],[13,25,14,24],[25,15,26,14],[15,21,16,20],[27,16,28,17],[19,26,20,27],[29,22,30,23],[23,30,24,1]]"
K15n49735,15,0,21.832207429947225,1,1,3,0,0,0,1,0,0,0,0,0,0,,"[[4,2,5,1],[2,11,3,12],[10,3,11,4],[14,6,15,5],[6,16,7,15],[7,26,8,27],[23,8,24,9],[9,20,10,21],[12,18,13,17],[16,14,17,13],[25,19,26,18],[19,25,20,24],[21,28,22,29],[29,22,30,23],[27,30,28,1]]"
K15n53931,15,0,20.077461863428933,9,t^4-2*t^3+3*t^2-2*t+1,4,0,0,0,0,0,0,0,0,0,0,,"[[4,2,5,1],[2,10,3,9],[10,4,11,3],[5,17,6,16],[21,7,22,6],[7,18,8,19],[19,8,20,9],[26,11,27,12],[12,30,13,29],[28,14,29,13],[23,14,24,15],[15,24,16,25],[17,20,18,21],[25,22,26,23],[30,27,1,28]]"
K15n73236,15,0,19.63080829333965,9,t^4-2*t^3+3*t^2-2*t+1,3,0,-1,-1,0,1,1,1,2,2,2,,"[[4,2,5,1],[2,12,3,11],[12,4,13,3],[14,6,15,5],[6,22,7,21],[16,7,17,8],[8,19,9,20],[30,10,1,9],[10,14,11,13],[20,15,21,16],[17,27,18,26],[25,19,26,18],[27,22,28,23],[23,28,24,29],[29,24,30,25]]"
K15n77799,15,0,13.152276813995414,9,t^4-2*t^3+3*t^2-2*t+1,2,0,-1,-1,0,1,1,1,2,2,2,,"[[4,2,5,1],[2,12,3,11],[12,4,13,3],[16,5,17,6],[6,22,7,21],[18,8,19,7],[27,9,28,8],[9,27,10,26],[10,23,11,24],[13,25,14,24],[25,15,26,14],[15,1,16,30],[22,17,23,18],[19,28,20,29],[29,20,30,21]]"
K15n94339,15,0,20.530856529187773,9,t^4-2*t^3+3*t^2-2*t+1,4,0,0,0,0,0,0,0,0,0,0,,"[[4,2,5,1],[2,12,3,11],[12,4,13,3],[5,25,6,24],[27,7,28,6],[7,22,8,23],[21,8,22,9],[16,9,17,10],[10,19,11,20],[30,13,1,14],[14,29,15,30],[20,15,21,16],[17,27,18,26],[25,19,26,18],[23,29,24,28]]"
K15n95989,15,0,19.45357729730104,1,1,4,0,0,0,1,0,0,0,0,0,0,,"[[4,2,5,1],[2,14,3,13],[14,4,15,3],[10,5,11,6],[6,23,7,24],[7,19,8,18],[17,9,18,8],[24,9,25,10],[11,22,12,23],[21,12,22,13],[26,16,27,15],[16,30,17,29],[19,28,20,29],[27,20,28,21],[30,26,1,25]]"
K15n95995,15,0,19.60509651067848,1,1,4,0,0,0,1,0,0,0,0,0,0,,"[[4,2,5,1],[2,14,3,13],[14,4,15,3],[10,5,11,6],[6,23,7,24],[18,7,19,8],[8,17,9,18],[24,9,25,10],[11,22,12,23],[21,12,22,13],[26,16,27,15],[16,30,17,29],[19,28,20,29],[27,20,28,21],[30,26,1,25]]"
K15n99019,15,0,17.10738727810723,9,t^4-2*t^3+3*t^2-2*t+1,3,0,-1,-1,0,1,1,1,2,2,2,,"[[4,2,5,1],[2,14,3,13],[14,4,15,3],[16,6,17,5],[23,7,24,6],[7,23,8,22],[21,9,22,8],[9,28,10,29],[19,10,20,11],[11,27,12,26],[12,16,13,15],[17,24,18,25],[29,19,30,18],[27,20,28,21],[25,30,26,1]]"
